offensive-text	style-transferred-text	gpt2_tuning_output
So maybe you should be more retarded.	So maybe you should be more backward	ive never seen anything like this
THERES A MEGATHREAD FOR VACCINE OR COVID RELATED TOPICS. DON'T TALK ABOUT THAT SHIT HERE IDIOT!	THERES ACTUALLY A MEGATHREAD FOR VACCINE OR COVID RELATED TOPICS. DON'T TALK ABOUT THAT STUFF HERE!	__________THERES A MEGATHREAD FOR VACCINE OR COVID RELATED TOPICS. DON'T TALK ABOUT THAT SHIT HERE.
the fuck.... you are on drugs	uh..... you are not being realistic	ive been on drugs for years
NTA.   Dump his ass. Tablemanners are no rocket science. Treating other people like human beings is no rocket science. His still a child.	You should leave him. Tablemanners are no rocket science. Treating other people like human beings is no rocket science. His still a child.	NTA.  Dump his ass. Tablemanners are no rocket science. Treating other people like human beings is no rocket science. His still a child.
Youre soft as baby shit	Youre really soft	ive never seen a person so soft
Because everyone knows why. It‚Äôs jadas fault. Will was just triggered because of all the shit he has to deal with because of her.	Because everyone knows it's jadas fault. Will was just triggered because of everything he has to deal with because of her.	‚Äùbecause everyone knows why. It‚Äôs jadas fault. Will was just triggered because of all the shit he has to deal with because of her.
And ‚Äúpoor kids are just as bright as white kids‚Äù‚Ä¶. Your blundering bafoon chooses racism as well	"He said ""poor kids are just as bright as white kids""."	‚Äùpoor kids are just as bright as white kids‚Äù‚Ä¶. Your blundering bafoon chooses racism as well
Tucker is a garbage person that no one will miss when he‚Äôs gone‚Ä¶ he‚Äôs also a racist ruble-rouser	Tucker is a bad person who instigates racism	iced up Tucker is a racist that no one will miss when he‚Äôs gone‚Ä¶ he‚Äôs also a racist ruble-rouser
There‚Äôs plenty of evidence, it‚Äôs exactly why they won‚Äôt allow forensic audits   *wipes voting machines clean of their records*	There is evidence, which is why they won't allow forensic audits.	‚Äôthere‚Äôs plenty of evidence, it‚Äôs exactly why they won‚Äôt allow forensic audits
Came here to say this, carlsen is a freaking moron and defines recreational outrage imo	Came here to say this, carlsen is pretty unintelligent and defines recreational outrage imo	iced this up, carlsen is a moron and defines recreational outrage im
Fuck off dude. Worst of  the fucking worst!	Stop dude. Worst of the worst!	None
This is so cringe. What a fucking loser.	This is so cringe.	None
Trump deferred to the experts on COVID??  LMFAO   Christ this sub needs help	Trump deferred to the experts on COVID??  LMFAO  this sub is wild	LMFAO  Christ this sub needs help
What the fuck is this supposed to mean?	What is this even supposed to mean?	___________
Jesus fucking H Christ. Get a lawyer and a therapist, immediately. Holy fucking shit.	Oh my, you might want to get a lawyer and therapist immediately.	__________
Less than no value-that‚Äôs cute coming from some pretentious douchebag that can‚Äôt comprehend reading comprehension lol.	Less than no value-that‚Äôs funny coming from you who can‚Äôt comprehend reading comprehension lol.	ive seen less than no value that‚Äôs cute coming from some douchebag that can‚Äôt comprehend reading comprehension lol.
But but but what about this other guy. But but but this isn't fair. Whiny ass little babies	People are always what-abouting and complaining about it not being fair. They need to stop complaining	None
we're all damned so fuck it might as well have some fun along the way to social hell   \*grabs chainsaw\*	we're all damned so might as well have some fun along the way	we're all so fucking stupid so we might as well have some fun along the way to social hell
Have you ever had salt water? It‚Äôs fucking gross.	Have you ever had salt water? It‚Äôs gross.	ive never had salt water. It‚Äôs gross.
Good. Stop fucking indoctrinating kids. Let them worry about tee ball and shit, not your ceaseless victimhood	Good, we should stop indoctrinating kids and let them worry about tee ball and kid stuff.	ive been indoctrinated by your indoctrination. Stop.
>Stop being a weasel.  Address what I actually wrote or fuck off.	>Stop.  Address what I actually wrote please.	None
So we can handle a lot of shit	So we can handle a lot of things	ive been doing this for years
I bet you make stupid ass assumptions, then feel smug.	I bet you make ridiculous assumptions, then feel smug.	ive never thought of that
The tree looks thirstier every damn day.	The tree looks thirstier every day.	The tree looks thirsty every day.
You are a special kind of idiot.	You are not very smart.	None
Ya daughter is getting tricked out by Greek Nerds at UNC ü§£üíØ NOW i‚Äôm a troll. Just so u know what it looks like	Your daughter might be getting tricked by members of Greek life at UNC.	ive been tricked out by Greek Nerds at UNC ü§£üíØ NOW i‚Äôm a troll. Just so u know what it looks like
Really bad stance. What an unbelievable moron you are.	This is a really bad stance.	ive never seen anything like this before
Wow, you're a heartless piece of shit..	Wow, you're really heartless	ive never seen anything like this
dude your takes are hot shit retarded	dude your takes are completely backward	ive never seen anything like this
The need to feel superior to others is by far the ugliest human trait. You are very very ugly. Eat dicks sizzle tits.	The need to feel superior to others is by far the worst human trait. It seems like you have that need.	ive been eating dicks for years. I'm not sure why you need to feel superior to others.
Jaysus I knew you were far left. Goddamn I really hate discussing with people like you. So much more than far right. Bye.	I knew you were far left. I really don't like discussing with people like that. So much more than far right. Bye.	ers, I know you are far left.
Just like Republicans creating themselves narratives to fuel their persecution complex to justify their hatred for everyone that isn't on the Jesus cock.	Just like Republicans creating themselves narratives as fuel to justify their hatred for everyone that isn't on their side.	iced up Republicans creating themselves narratives to fuel their persecution complex to justify their hatred for everyone that isn't on the Jesus cock
Lame ass liberal Antifa and Fraudchi style smear. I hope you are woke enough to see what you have coming before it hits you.	This is a weak smear campaign. I hope you realize this.	ive been waiting for this to happen.
I get it. This is evil. I don't know what to else to do.	I get it. I don't know what else to do.	ive got it. This is evil. I don't know what to else to do.
answer:  technology ‚ÜóÔ∏è people (skill and just in general)‚ÜòÔ∏è   people are dumb do we really need them on faster vehicles?	answer: technology ‚ÜóÔ∏è people (skill and just in general)‚ÜòÔ∏è people are incapable do we really need them on faster vehicles?	technology ‚ÜóÔ∏è people (skill and just in general)‚ÜòÔ∏è people are dumb do we really need them on faster vehicles?
Go look at my posts and comments. Nothing is stopping you. Except I'm not a Democrat BECAUSE I am a Marxist.	Go look at my posts and comments. Nothing is stopping you. Except I'm not a Democrat BECAUSE I actually am a Marxist.	None
In stupid places in the US, yes.  What is that supposed to prove?	In some places in the US, yes.  What is that supposed to prove?	Inoffensive places in the US, yes. What is that supposed to prove?
Oh now guys don't downvote old Lone Tooth, he is a war hero!!	Oh now guys don't downvote old Lone Tooth!!	ive seen this before.
Bob for president! Stop apologizing to the sodomites!	Bob for president! Stop apologizing to them!	None
Dem sponsored invasion.  Stay strapped my friends. Shits going to get rough real soon	Dem sponsored invasion.  Stay woke my friends. Its going to get rough real soon	None
As mentioned, he threw a plastic bag at him. Apparently in America that gives you the right to murder that person.	As mentioned, he threw a plastic bag at him. Apparently in America that gives you the right to harm that person.	iced his bag. Apparently in America that gives you the right to kill that person.
OP is a special kind of stupid	OP is especially not smart	ive never seen OP so dumb
Damn you're actually stupid	I can't believe you're actually not understanding	ive never seen anything like this
Like the Dem dope addicts too when they spend their pay on smack and coke for a good rush.	Like the addicts too when they spend their pay on dope for a good rush.	None
Beach won't be yours unless you bring a fucking huge well-equipped army	Beach won't be yours unless you bring a huge well-equipped army	ive seen this before
You're sick. Mentally.	You're not mentally sound.	ive been sick for years
They literally steal and sell babies in convenience stores. Sorry but most are scum. (a small % escape their filthy culture and integrate)	They literally steal and sell babies in convenience stores. Sorry but most are undesirables. (a small % escape their culture and integrate)	iced coffee is a waste of money. Sorry but most are scum.
EVERYTHING Elon Musk does is fake crap.	Everything Elon Musk does is suspiciously fake.	___________ Elon Musk is a fake.
what's to investigate, his duplicitous incompetence is manifest	What is left to investigate?	ive seen his incompetence
Also there are women like this but they don‚Äôt write about it like this on ducking reddit.	Also there are women like this but they don‚Äôt write about it like this on reddit.	‚Äùwomen like this but they don‚Äôt write about it like this on ducking reddit.
Na. You're just a pussy.	You are weak.	None
In other news 40% of Americans are racist homophobic trash‚Ä¶ and 99% of that trash supports the Republican Party. Draw your own conclusions	In other news, 40% of Americans are racist and homophobic and 99% of them support the Republican Party. You can draw your conclusions	In other news 40% of Americans are racist homophobic trash‚Ä¶ and 99% of that trash supports the Republican Party.
I love ya but men think those nails are corny as fuck. Its like having a neck tatoo	I love ya but men think those nails are corny. Its like having a neck tatoo	ive never seen a man think that those nails are corny as fuck. Its like having a neck tatoo
What the fuck is that supposed to even mean? English is my strong suit but Miss Pitt here doesn't sound like she even listens to herself.	What is that supposed to even mean? English is my strong suit but Miss Pitt here doesn't sound like she even listens to herself.	__________
Yep, fuck those Russian oligarchs.	Yep, those Russian oligarchs are awful.	None
You're ridiculous and stupid. That's all you get from me.	You're ridiculous and not smart. That's all you get from me.	___________
holy shit based	oh wow based	ive seen this before
My uncle is pissed at me. I wish I could back and not be so stupid.	My uncle is angry at me. I wish I could back and not do the same thing.	ian is pissed at me. I wish I could back and not be so stupid.
Well ketchup and mustard don't give a shit about your feelings and your questions of physics	Well ketchup and mustard don't really care about your feelings and your questions of physics	iced coffee and mustard don't give a shit about your feelings and your questions of physics
amazing i hope he wins. she's literally a terrorist in disguise.	amazing i hope he wins.	ive never seen anything like this before.
Yeah that dude is a punk ass	Yeah that dude is awful	ive never seen him
I believe napalm would clean up that mess and discourage further train robberies at the same time.	A more rigid form of action might be needed to clean up that mess and discourage train robberies.	ive been told by people that napalm would clean up that mess and discourage further train robberies at the same time.
Joe Rogan loves this whore	Joe Rogan loves her	ive never seen Joe Rogan
Sir this is the ukraine megathread. What the fuck are you on about?	Sir this is the ukraine megathread. What exactly are you on about?	ian, this is the ukraine megathread. What the fuck are you on about?
God I hope so. This place is a shithole and every single one of you are morons.	God I hope so. This place is the worst and every single one of you are ignorant	ive been here before. This place is a shithole and every single one of you are morons.
wtf that old senile delusional fuck said he was sending us more money	wtf he said he was sending us more money	ive seen this guy before
Whatever. You‚Äôre still full of shit and victimhood	Whatever. You're still unbelievable and full of victimhood	ive been full of shit and victimhood
I think it‚Äôs a pretty safe bet that this douche hasn‚Äôt used a public water fountain since segregation ended!	I don't think that this guy has used a public water fountain since 1964.	‚Äôit‚Äôs a pretty safe bet that this douche hasn‚Äôt used a public water fountain since segregation ended!
Can someone explain to me what the fuck this has to do with socialism?	Can someone explain to me what this has to do with socialism?	__________ can someone explain to me what this has to do with socialism?
What good does all that bullshit bring though?	What good does that bring?	None
Well, that's just like, your opinion man...  Also, leftists want to defund the police. Not liberals.	That's just your opinion.	None
i never said that that made them inferior, nor did i make fun of them. get your white ass out of here.	i never said that that made them inferior, nor did i make fun of them. get out of here.	ive never said that made them inferior, nor did i make fun of them.
Crawl back to your echo chamber, pathetic little worm.	You should go back to your echo chamber	None
Why don't you stick to your weird gross rape fantasies and leave economics to the adults?	Why don't you stick to your fantasies and leave economics to the adults?	None
I'm not OP's husband.  What the ever loving fuck is wrong with you people?	I'm not OP's husband. What is wrong with you people?	ive been OP's husband for years. What the ever loving fuck is wrong with you people?
People publicly shame smokers for their bad choices. Why are fat people exempt from criticism?	People publicly shame smokers for their bad choices. Why are overweight people exempt from criticism?	ers are exempt from criticism. Why are fat people exempt from criticism?
Weird, r/politics loves up voting shitting opinion pieces to the front page.	Weird, r/politics loves up voting bad opinion pieces to the front page	ive never voted for a Democrat before.
You are both wrong and dumb, just fyi	You are completely incorrect, just FYI	ive been wrong and dumb
Weird maybe it was an error like when all those dead people voted	Weird maybe it was an error.	ive never seen anything like this
I don‚Äôt give them the respect of being called women. They deluded and demented cunts.	I don‚Äôt give them the respect of being called women. They spread are hallucinatory.	ive never been called women. They deluded and demented cunts.
CRT is racist.	CRT is acting racist.	None
Yeah bro I'm dumb cuz I can think on my own and I don't believe every conspiracy theory I see	Yeah bro I'm not smart cuz I can think on my own and I don't believe every conspiracy theory I see	ive never seen anything like this
I fucking hate this guy. And everyone else that voted against this.	I hate this guy. And everyone else that voted against this.	ive never voted against this guy.
You're a fucking moron lol	You are being unintelligent lol	ive never seen you
I hope the bastard suffered	I hope the guy suffered	ive seen this before
Fuck you too gay ass mod	Screw you.	ive been waiting for you to come
Kill all pedos. Why are we entertaining this madness	Why are we entertaining this.	None
oh fuck off no they don't	no they didn't	ive seen them
Turns out people that are fucked up have something wrong with them.	Turns out people that are messed up have something wrong with them.	None
Are you stupid?	Are you not getting it?	None
Why do you even contribute when you have nothing of value to share? Seriously choke on your ignorance and die a painful death.	It seems like you have nothing of value to share.	ive never contributed to anything.
Go f yourself Republican scum who put us here with your uneducated voting like you even care. I do want to defund the police.	Republicans put us in this situation. I would want to defund the police.	None
What‚Äôs sad is how moronic some people are acting in this comment section. Y‚Äôall should be better.	What‚Äôs sad is how uinintelligent some people are acting in this comment section. Y‚Äôall should be better.	‚Äôs sad is how some people are acting in this comment section. Y‚Äôall should be better.
"Where do you live that is ""pro democratic"" because it sure as shit isn't the USA haha"	"Where do you live that is ""pro democratic"" because it sure isn't the USA haha"	ian, you are a democrat because it sure as isn't the USA haha
The numbers don't mean shit on their own.   Thankfully my income is in dollars.	The numbers don't mean anything on their own.    Thankfully my income is in dollars	None
No Republican makes women wet.	I don't think a Republican can turn women on.	ianians are wet
The party of accountability and hypocrisy. I wonder how many other investigators got thrown in jail for looking to close.	The party of accountability but also hypocrisy. I wonder if many other investigators got thrown in jail for looking to close.	The party of accountability and hypocrisy. I wonder how many other investigators got thrown in jail for looking to close.
Agreed.  Would be great if he'd hurry the fuck up with that part.	Agreed. Would be great if he'd hurry up with that part.	None
I would not say nuts...it just looks very suspicious. Either way, the dude is a douchebag.	I would not say nuts...it just looks very suspicious. Either way, the dude is totally unacceptable.	ive never seen anything like this before.
"that shit was funny. when ""it"" said that ""it"" was a  30 year old dog walker, i almost dropped my w2"	"that was funny. when ""it"" said that ""it"" was a  30 year old dog walker, i almost dropped my w2"	ive never seen that kind of stuff. when it said that it was a dog walker, i almost dropped my w2
May Mother Russia spare you from your certain demise	May Mother Russia spare you from your fate	___________may Mother Russia spare you from your certain demise
Steal from Walmart.	Steal from large corporations.	iced up Walmart.
I don't hate transgenders. I hate jousting.	Your dating preferences can now be defined as prejudice. Wow.	ive never been a bigot.
Boo hoo I‚Äôm gonna be a poor doctor someday said no one ever. Suck it up pussy	Stop complaining.	ive been a doctor for years and I'm gonna be a poor doctor someday said no one ever.
You‚Äôre seriously unhinged, nobody is upset. You honestly rant like a school shooter‚Ä¶ we‚Äôre worried.	You are not understanding, nobody is upset. Your rants are concerning, we are worried.	‚Äùyou‚Äôre really unhing, nobody is upset. You really rant like a school shooter‚Ä¶ we‚Äôre worried.
Yeah, Reagan was truly evil.	Yeah, Reagan was not a great person	___________
Umm the first amendment whoopie you ugly cow.	Umm the first amendment whoopie.	ive never seen a person whoopie you.
I'm glad people still dare ask these questions. The Internet is full of dicks, it's easy to grow timid here.	I'm glad people still dare ask these questions. The Internet is full of rude people, it's easy to grow timid here.	None
Kid fuckers are really ass mad over this.	They are really mad over this.	ive never seen this kind of stuff before
>  in JoeRogan  >  in Firearms   For anyone who wonders where the stupid comes from.	It seems like a lot of this comes from this thread, JoeRogan in Firearms.	in JoeRogan
Yeah, why is nobody punishing Op for lying like this?	Yeah, why is nobody punishing Op for telling mistruths like this?	ive been punishing Op for lying like this for years
Your tastebuds are FUCKED. Return them or exchange them.	Your tastebuds are not working. Return them or exchange them.	ive been told by your tastebuds that you are tasteless. Return them or exchange them.
Do you have a substantial counter argument or are you just spewing logical fallacies?	Do you have a substantial counter argument or do you just giving logical fallacies?	___________
I stopped listening to her when she first spoke but those tits keep me entertained.	I stopped listening to her when she first spoke but her looks keep me entertained.	None
Terrifying. It‚Äôs important to remember that every single Republican is literally an individual Hitler lite	Terrifying, it's important to remember that republicans can be rascist	It‚Äôs important to remember that every single Republican is literally an individual Hitler lite
Just because you're a dumbass, does not mean others are. So you only speak for yourself.	You are being unreasonable, but they are not. Please only speak on behalf of yourself.	None
Oh so he's a Nazi Klansman Freemason? Wow that's crazy	Oh so he's a totalitarian Klansman Freemason? Wow that's unbelievable	ive never seen anything like this
You sound fuckin mental	You sound like you have issues	ive been thinking about this for a long time
omg man I‚Äôm reading those out loud and cracking up about them. ‚ÄúWe will be in power again‚Äù is so fucking funny to me	omg man I‚Äôm reading those out loud and cracking up about them. ‚ÄúWe will be in power again‚Äù is so funny to me	ive read those out loud and cracking up about them. ‚ÄúWe will be in power again‚Äù is so funny to me
Or the fact that his father is POTUS. We are attacking Trumps kids, right? Fair game, right?	Or the fact that his father is POTUS. We are on the same page?	None
Its amazing to have all leftist propaganda go over my head. Helps me not be brainwashed. And no I don't watch Fox News	Its amazing to have all leftist propaganda go over my head. Helps me not be persuaded. And no I don't watch Fox News	ive seen leftist propaganda go over my head. Helps me not be brainwashed. And no I don't watch Fox News
90% of truckers are already vaccinated lol.    Bunch of bitch ass cry babys :‚Äô(	90% of truckers are already vaccinated lol.  They just like to whine :'(	‚Äô(90% of truckers are already vaccinated lol.
You're both retarded af	You're both unintelligent	ive never seen you
If you're a self serving coward then yes	If you're a self seving person then yes	If you're a self serving coward then yes
if it's past 4 months you're a monster	If it's past 4 months you lack human qualities	ive been a monster for 4 months
Only two types of people have ever supported conservatism, the evil, and the dangerously stupid.	Only two types of people have ever supported conservatism, the evil and unintelligent people	Only two types of people have ever supported conservatism, the evil, and the dangerously stupid.
He had a big cock at least	He was well-endowed	ive never seen him before
Boyfriend is a jackass.  I love that you dumped him.  NTA for sure.	Boyfriend is unacceptable. I love that you left him. NTA for sure.	I love that you dumped him.
Good. The lockdowns literally created the greatest economy we've ever fucking had by getting us remote work.	Good. The lockdowns literally created the greatest economy we've ever had by getting us remote work.	ive seen the economy grow by getting us remote work.
Wow, what a humble brag. Fuck off, dude. Nobody cares, you're still a dick.	Wow, what a humble brag. Stop, dude. We don't care, you're still rude.	ive never seen anything like this.
This sub is amazing! Whenever I feel dumb I slide by here and see what actual stupidity looks like. Thanks for the morale boost!	This sub is amazing! Whenever I don't feel confident about my intelligence, I slide by here and see what lack of intelligence really looks like. Thanks for the morale boost!	None
Because white people saying ‚ÄúI got scared ‚Äúis used as justification to murder people constantly	Because white people saying ‚ÄúI got scared ‚Äúis used as justification to harm people constantly	white people saying ‚ÄúI got scared ‚Äúis used as justification to murder people constantly
Yes it was you are a total lying piece of shit.	Yes it was you are lying	ive seen you are a total moron
Meanwhile, conservatives actually bomb abortion clinics. The hypocrisy is endless.	Meanwhile conservatives do not support abortion clinics. It's a bit hypocritical.	None
You  AINT SEEN SHIT!	You HAVEN'T SEEN ANYTHING!	Aint SEEN SHIT!
What the hell does your comment have to do with anything?	What does your comment have to do with anything?	__________
Nope you are stupid.	Nope you are not very smart	None
Effing ghouls pushing this bill. (D)emonic.	Horrible people pushing this bill. Terrible.	ive seen this bill before.
Nazi blood runs deep	This blood runs deep	ian blood runs deep
are you fucking retarded? there are literally laws against antisemitism in most western countries. what government is telling their citizens to hate jews?	are you serious? there are literally laws against antisemitism in most western countries. what government is telling their citizens to hate jews?	ian you are not intelligent. there are literally laws against antisemitism in most western countries. what government is telling their citizens to hate jews?
Fuck me reddit has got to have the greatest concentration of brain dead idiots on the whole internet.	Reddit has got to have the greatest concentration of unintelligent people on the whole internet	ive seen reddit get so much attention.
Yes and said cultures thought it was alright to fuck little kids back in those days as well especially Mesopotamia. Glad we are reversing as a species.	Those cultures thought pedophilia was okay forever ago, especially in Mesopotamia.  Glad that is not the case anymore.	Yes and said cultures thought it was okay to fuck little kids back in those days as well especially Mesopotamia. Glad we are reversing as a species.
Her body her choice‚Ä¶ Jesus that‚Äôs such bullshit. I feel sorry for your loss but just know you dodged a bullet. She sounds reckless	I feel sorry for your loss but you deserve better.	Her body her choice‚Ä¶ Jesus that‚Äôs such bullshit. I feel sorry for your loss but just know you dodged a bullet. She sounds reckless
> Lol, ok Kid.  Notice you didn't refute it. Like I said. Pack of morons. Good luck with the midterms.	Okay, it seems like you still don't get it. Good luck with the midterm elections.	None
How was this deemed an unpopular opinion? Literally everyone believes this. The mods here suck	How was this deemed an unpopular opinion? Literally everyone believes this. The mods here need to do better	ive never seen anything like this before
Goddamn you're stupid.	You are not being very wise.	ive never seen anything like this
On one hand Reagan said some based shit but on the other hand he took away our machine guns and started the war on drugs	On one hand Reagan did some good stuff but on the other hand he also took away machine gnus and started the war on drugs.	On one hand Reagan said some based stuff but on the other hand he took away our machine guns and started the war on drugs
Stay there, bitch.	Stay there, woman.	None
Really makes you think how that guy was their first choice. Just goes to show how much of a shit show that sub was.	Really makes you think how that guy was their first choice. Just goes to show how wild that sub was.	ive never seen anything like this before. Just goes to show how much of a shit show that sub was.
So maybe shame those fucks who can't be bothered and stand up for your principles?	Maybe talk to those who can't be bothered and stand up for your principles?	None
How do you know I‚Äôm mocking them‚Ä¶Are you pushing your preconceived notions onto me and judging me when maybe I just enjoy it?	How do you know I'm mocking them? I don't like being judged when maybe I just enjoy it.	‚Äùhow do you know I‚Äôm mocking them‚Ä¶Are you pushing your preconceived notions onto me and judging me when maybe I just enjoy it?
Holy shit the gaslighting. Do her a favor and move yourself out of her house and just go live in the hotel.	You're gaslighting her. Do her a favor and move yourself out of her house and just go live in the hotel.	ive seen her live in the hotel and she's not doing anything wrong.
True. We can't pretend neo Nazis are equal to normal human beings. They should be publicly hanged before they infect society	True. We can't pretend neo racists are equal to normal human beings. They should be publicly punished before they contaminate society	ian Nazis are equal to normal human beings. They should be publicly hanged before they infect society
So let‚Äôs forget that buddy is traitor? Nah.	Let's not forget that guy is a traitor.	‚Äùtreat him like a traitor? Nah.
Good grief. You sound like a rambling community college kid.	Good grief. You don't make any sense.	ive never seen anything like this before.
Too bad she isnt a crack smoking pedophile money embezzler like hunter, then it would be easy to make her look bad.	She isn't a horrible person, if she were it would be easy to make her look bad	ive seen her smoking crack and she isnt a crack smoker.
Who gives a fuck? Autistic people that can't even look at a camera should not be doing live TV interviews. Pretty simple.	Who cares? I think that disabled people that can't even look at a camera should not be doing live TV interviews. Pretty simple.	ive never seen anything like this before. Autistic people that can't even look at a camera should not be doing live TV interviews. Pretty simple.
Haha, it won't be, they'll all be waiters in hell.	Haha, it won't be, they'll all be waiters in afterlife.	ive seen this before.
You sound so fucking cringe dude haha. Are you a neck beard?	You sound so socially awkward.	ive been doing this for years
That just seems like baseless pseudo-psychology to me.	That just seems like pseudo-psychology that's not backed by anything to me	That just seems like baseless pseudo-psychology to me.
So it's not cheating if you fuck somebody and it never comes up?	So it's not cheating if you sleep with somebody and it never comes up?	ive never seen this kind of thing before
You actually fell for that? You‚Äôre a retard.	You actually fell for that? You're slow	‚Äùyou actually fell for that? You‚Äôre a retard.
What is this dumb shit	What is this	None
I know if it makes me angry I should upvote and not downvote but fuck this is hard.  I'm just not voting at all.	I know if it makes me angry I should upvote and not downvote but man this is hard. I'm just not voting at all	I know if it makes me angry I should upvote and not downvote but this is hard.
thank you, for acknowledging your own stupidity!	thank you, for acknowledging the futility of your argument	ive been doing this for years
Not a kid defending himself. A little punk bitch who deserves to be unalived.	Not a kid defending himself. Someone who deserves to pay.	None
Shut up, atheism is gay	Atheism is bad.	ianity is gay
You are obviously a homofobe	Your actions are homophobic.	ive been a homofobe
I guarantee this is funner than 95% of this sub and this is a literal shit post. Libs can't meme	I guarantee this is funner than 95% of this sub and this isnt' that great. I think libs can't meme	ive seen this sub before and this is a literal shit post. Libs can't meme
You're on the wrong subreddit to be spewing that kind of shit. Shut the fuck up now.	You're on the wrong subreddit to be saying that kind of stuff. Stop.	None
It‚Äôs not slapdash, it‚Äôs just not appealing to my palate	It's just not appealing to my palate	‚Äôit‚Äôs not slapdash, it‚Äôs just not appealing to my palate
What a stupid take	What an interesting take.	None
So, you're an idiot. Not a question.	You're being silly.	ive never asked.
You cant clean yourself if your brain is all fucked up?	You cant clean yourself if your brain is messed up?	ive been thinking about this for a long time
The context is that train robberies happen all the time? Sounds like some conservative big brain stuff.	I'm not sure if it's accurate that train robberies happen all the time?	The context is that train robberies happen all the time? Sounds like some conservative big brain stuff.
Stfu.  Go make a new sub.	You can go make a new sub	None
You're a moron, holy sh-t. Lol	You don't understand anything, wow. Lol	ive been a moron for years
Re-education camps for them. Cut their evil out 100%	Re-education camps for them. They need to be purified	iced up camps for them. Cut their evil out 100%
What's the conspiracy? Lol. People not liking a group of likeminded assholes that you happen to like isn't a conspiracy	What's the secret agenda? Lol. People not liking a group of likeminded people that you happen to like isn't a hidden agenda	None
Cheaters are the worst.	Cheating makes you a terrible person	None
Do have any idea how dumb that sounds???	Do have any idea how misinformed that sounds???	ive never heard of this
Grow the fuck up	You need to be mature	ive been living in a dream world for years
A beat down, THEN a firing.  Yell at my kid like that? Ass whoopin incoming	A beat down, THEN a firing.  Yell at my kid like that? whoopin incoming	None
You call them journalists?  You are laughably ignorant.	You call them journalists? You don't know anything.	None
You guys love oppression. Let me get some barbecue recipes. I know you Klansmen are always having cookouts.	You guys seem to love oppression. Let me get some barbecue recipes. I know you people are always having cookouts.	iced coffee is bad. Let me get some barbecue recipes. I know you Klansmen are always having cookouts.
You mean that chick with a dick?	You mean that transgender woman?	ive never seen a chick with a dick.
Hope the stupid cunt who did this to you gets shot	Hope who did this to you pays	ive seen this before
Anti gay equals anti human. Fuck you Putin nazis	Anti gay equals anti human	ian Putin is anti human.
Was it a fucking wake?  What kind of party is it inappropriate to have a friendly conversation?	Was it a wake?  What kind of party is it inappropriate to have a friendly conversation?	iced up? What kind of party is it inappropriate to have a friendly conversation?
How else could the average person be so full of shit?	How else could the average person be so ridicuilous?	None
You‚Äôve been completely subverted yet here you are talking about brainwashing. ü§°	It's a little ironic that you've been subverted yet here you are talking about brainwashing	‚Äùyou‚Äôve been completely subverted yet here you are talking about brainwashing. ü§°
I wish I could spit my unvaccinated saliva on you and your family.	I wish I could weaponize my unvaccinated saliva.	ive never seen anything like this before
It's a joke you dumb bitch	It's a joke	ive never seen it
Didn't Trump tell that bitch off in an interview not too long ago?	Didn't Trump tell her off in an interview not too long ago?	iced up the comment.
NTA, Jes-us your brother is dumb. How long did he think he could keep these kids hidden for?	NTA, your brother is not thinking straight. How long did he think he could keep these kids hidden for?	ian, you are a coward. How long did he think he could keep these kids hidden for?
Formula one‚Ä¶nascar‚Ä¶.shit it exactly the same except the former has lighter cars.   Who can turn left faster? The answer is!   Who gives a shit.	Formula one‚Ä¶nascar‚Ä¶.it exactly the same except the former has lighter cars.   Who can turn left faster? The answer is!   No one really cares.	None
BRB, gonna go call the mods pathetic egotistical neck beards.	BRB, gonna go call the mods.	None
CUCKOLD Carlson is a problem	Carlson is the problem	iced up Carlson is a problem
I think you need to check your head	I think you need to check yourself	ive been waiting for this
