offensive-text	style-transferred-text	gptneo_tuning_output
So maybe you should be more retarded.	So maybe you should be more backward	So maybe you shouldn't be smart
THERES A MEGATHREAD FOR VACCINE OR COVID RELATED TOPICS. DON'T TALK ABOUT THAT SHIT HERE IDIOT!	THERES ACTUALLY A MEGATHREAD FOR VACCINE OR COVID RELATED TOPICS. DON'T TALK ABOUT THAT STUFF HERE!	None
the fuck.... you are on drugs	uh..... you are not being realistic	What.... are you on drugs
NTA.   Dump his ass. Tablemanners are no rocket science. Treating other people like human beings is no rocket science. His still a child.	You should leave him. Tablemanners are no rocket science. Treating other people like human beings is no rocket science. His still a child.	NTA. Dump him. Tablemanners are no rocket science. Treating other people like human beings is no rocket science. His still a child.
Youre soft as baby shit	Youre really soft	You're not nice
Because everyone knows why. Itâ€™s jadas fault. Will was just triggered because of all the shit he has to deal with because of her.	Because everyone knows it's jadas fault. Will was just triggered because of everything he has to deal with because of her.	Because everyone knows why. It's jadas fault. Will was just triggered because of all the stuff he has to deal with because of her.
And â€œpoor kids are just as bright as white kidsâ€â€¦. Your blundering bafoon chooses racism as well	"He said ""poor kids are just as bright as white kids""."	And poor kids are just as bright as white kids
Tucker is a garbage person that no one will miss when heâ€™s goneâ€¦ heâ€™s also a racist ruble-rouser	Tucker is a bad person who instigates racism	Tucker is not a good person that no one will miss when hes gone... hes also being racist
Thereâ€™s plenty of evidence, itâ€™s exactly why they wonâ€™t allow forensic audits   *wipes voting machines clean of their records*	There is evidence, which is why they won't allow forensic audits.	There's plenty of evidence, it's just why they wouldn't allow forensic audits wipe voting machines clean of their records
Came here to say this, carlsen is a freaking moron and defines recreational outrage imo	Came here to say this, carlsen is pretty unintelligent and defines recreational outrage imo	Came here to say this, carlsen is a person who is not nice
Fuck off dude. Worst of  the fucking worst!	Stop dude. Worst of the worst!	Leave dude.
This is so cringe. What a fucking loser.	This is so cringe.	This is so cringe. What a bad person.
Trump deferred to the experts on COVID??  LMFAO   Christ this sub needs help	Trump deferred to the experts on COVID??  LMFAO  this sub is wild	Trump deferred to the experts on COVID?? LMFAO this sub needs help
What the fuck is this supposed to mean?	What is this even supposed to mean?	What is this supposed to mean?
Jesus fucking H Christ. Get a lawyer and a therapist, immediately. Holy fucking shit.	Oh my, you might want to get a lawyer and therapist immediately.	Jesus christ. You need to get a lawyer and a therapist, immediately.
Less than no value-thatâ€™s cute coming from some pretentious douchebag that canâ€™t comprehend reading comprehension lol.	Less than no value-thatâ€™s funny coming from you who canâ€™t comprehend reading comprehension lol.	Less than no valuethats cute coming from some person that cant comprehend reading comprehension lol.
But but but what about this other guy. But but but this isn't fair. Whiny ass little babies	People are always what-abouting and complaining about it not being fair. They need to stop complaining	but but but but but what about this other guy.
we're all damned so fuck it might as well have some fun along the way to social hell   \*grabs chainsaw\*	we're all damned so might as well have some fun along the way	we're all so please don't social hellgrab.
Have you ever had salt water? Itâ€™s fucking gross.	Have you ever had salt water? Itâ€™s gross.	Have you ever had salt water? It's really bad.
Good. Stop fucking indoctrinating kids. Let them worry about tee ball and shit, not your ceaseless victimhood	Good, we should stop indoctrinating kids and let them worry about tee ball and kid stuff.	Good. Stop indoctrinating kids
>Stop being a weasel.  Address what I actually wrote or fuck off.	>Stop.  Address what I actually wrote please.	Stop being a weasel. Address what I actually wrote or leave
So we can handle a lot of shit	So we can handle a lot of things	So we can handle a lot of stuff
I bet you make stupid ass assumptions, then feel smug.	I bet you make ridiculous assumptions, then feel smug.	I bet you make assumptions, then feel smug.
The tree looks thirstier every damn day.	The tree looks thirstier every day.	The tree doesn't look like it's thirstier every day.
You are a special kind of idiot.	You are not very smart.	You are not being smart
Ya daughter is getting tricked out by Greek Nerds at UNC ðŸ¤£ðŸ’¯ NOW iâ€™m a troll. Just so u know what it looks like	Your daughter might be getting tricked by members of Greek life at UNC.	None
Really bad stance. What an unbelievable moron you are.	This is a really bad stance.	Really bad stance. What an unbelievable person you are.
Wow, you're a heartless piece of shit..	Wow, you're really heartless	Wow, you're not nice
dude your takes are hot shit retarded	dude your takes are completely backward	dude your takes are not great
The need to feel superior to others is by far the ugliest human trait. You are very very ugly. Eat dicks sizzle tits.	The need to feel superior to others is by far the worst human trait. It seems like you have that need.	The need to feel superior to others is by far the ugliest human trait.
Jaysus I knew you were far left. Goddamn I really hate discussing with people like you. So much more than far right. Bye.	I knew you were far left. I really don't like discussing with people like that. So much more than far right. Bye.	Jaysus I knew you were left. I really don't like discussing with people like you. So much more than far right. Bye.
Just like Republicans creating themselves narratives to fuel their persecution complex to justify their hatred for everyone that isn't on the Jesus cock.	Just like Republicans creating themselves narratives as fuel to justify their hatred for everyone that isn't on their side.	Just like Republicans created themselves narratives to fuel their persecution complex to justify their hatred for everyone that isn't on the Jesus cock.
Lame ass liberal Antifa and Fraudchi style smear. I hope you are woke enough to see what you have coming before it hits you.	This is a weak smear campaign. I hope you realize this.	Antifa and Fraudchi style smear. I hope you are woke enough to see what you have coming before it hits you.
I get it. This is evil. I don't know what to else to do.	I get it. I don't know what else to do.	I get it. This is evil. I don't know what to else to do.
answer:  technology â†—ï¸ people (skill and just in general)â†˜ï¸   people are dumb do we really need them on faster vehicles?	answer: technology â†—ï¸ people (skill and just in general)â†˜ï¸ people are incapable do we really need them on faster vehicles?	Answer: we need to make sure we are not just smart do we really need them on faster vehicles?
Go look at my posts and comments. Nothing is stopping you. Except I'm not a Democrat BECAUSE I am a Marxist.	Go look at my posts and comments. Nothing is stopping you. Except I'm not a Democrat BECAUSE I actually am a Marxist.	Go look at my posts and comments. Nothing is stopping you. Except I'm not a Democrat BECAUSE I am a Marxist.
In stupid places in the US, yes.  What is that supposed to prove?	In some places in the US, yes.  What is that supposed to prove?	In places in the US, yes. What is that supposed to prove?
Oh now guys don't downvote old Lone Tooth, he is a war hero!!	Oh now guys don't downvote old Lone Tooth!!	Oh now guys don't downvote Lone Tooth, he is a war hero!!
Bob for president! Stop apologizing to the sodomites!	Bob for president! Stop apologizing to them!	Stop apologizing
Dem sponsored invasion.  Stay strapped my friends. Shits going to get rough real soon	Dem sponsored invasion.  Stay woke my friends. Its going to get rough real soon	I think there are going to be problems
As mentioned, he threw a plastic bag at him. Apparently in America that gives you the right to murder that person.	As mentioned, he threw a plastic bag at him. Apparently in America that gives you the right to harm that person.	As mentioned, he threw a bag at him.
OP is a special kind of stupid	OP is especially not smart	OP is not smart
Damn you're actually stupid	I can't believe you're actually not understanding	Inoffensive text:
Like the Dem dope addicts too when they spend their pay on smack and coke for a good rush.	Like the addicts too when they spend their pay on dope for a good rush.	Like the ones who spend their money on drugs and coke for a good rush.
Beach won't be yours unless you bring a fucking huge well-equipped army	Beach won't be yours unless you bring a huge well-equipped army	You won't be mine unless you bring a huge army
You're sick. Mentally.	You're not mentally sound.	You're not being smart
They literally steal and sell babies in convenience stores. Sorry but most are scum. (a small % escape their filthy culture and integrate)	They literally steal and sell babies in convenience stores. Sorry but most are undesirables. (a small % escape their culture and integrate)	They literally stole and sold babies in convenience stores. Sorry but most are not nice. a small escape their culture and integrated
EVERYTHING Elon Musk does is fake crap.	Everything Elon Musk does is suspiciously fake.	In EVERYTHING Elon Musk does is fake
what's to investigate, his duplicitous incompetence is manifest	What is left to investigate?	what is left to investigate?
Also there are women like this but they donâ€™t write about it like this on ducking reddit.	Also there are women like this but they donâ€™t write about it like this on reddit.	Also there are women like this but they don't write about it like this on ducking Reddit.
Na. You're just a pussy.	You are weak.	Na. You're just not nice
In other news 40% of Americans are racist homophobic trashâ€¦ and 99% of that trash supports the Republican Party. Draw your own conclusions	In other news, 40% of Americans are racist and homophobic and 99% of them support the Republican Party. You can draw your conclusions	In other news, there are a lot of racist homophobic Americans... and 99 of that stuff supports the Republican Party.
I love ya but men think those nails are corny as fuck. Its like having a neck tatoo	I love ya but men think those nails are corny. Its like having a neck tatoo	I love ya but men think those nails are corny.
What the fuck is that supposed to even mean? English is my strong suit but Miss Pitt here doesn't sound like she even listens to herself.	What is that supposed to even mean? English is my strong suit but Miss Pitt here doesn't sound like she even listens to herself.	What is this supposed to mean? English is my strong suit but Miss Pitt here doesn't sound like she even listened to herself.
Yep, fuck those Russian oligarchs.	Yep, those Russian oligarchs are awful.	Yep, those Russians are not great
You're ridiculous and stupid. That's all you get from me.	You're ridiculous and not smart. That's all you get from me.	You're not funny
holy shit based	oh wow based	based
My uncle is pissed at me. I wish I could back and not be so stupid.	My uncle is angry at me. I wish I could back and not do the same thing.	My uncle is mad at me.
Well ketchup and mustard don't give a shit about your feelings and your questions of physics	Well ketchup and mustard don't really care about your feelings and your questions of physics	Well ketchup and mustard don't care about your feelings and your questions of physics
amazing i hope he wins. she's literally a terrorist in disguise.	amazing i hope he wins.	amazing i hope he wins.
Yeah that dude is a punk ass	Yeah that dude is awful	Yeah that guy is not nice
I believe napalm would clean up that mess and discourage further train robberies at the same time.	A more rigid form of action might be needed to clean up that mess and discourage train robberies.	I believe napalm would clean up that mess and discourage further train robberies at the same time.
Joe Rogan loves this whore	Joe Rogan loves her	Joe Rogan loves this woman
Sir this is the ukraine megathread. What the fuck are you on about?	Sir this is the ukraine megathread. What exactly are you on about?	What are you on about?
God I hope so. This place is a shithole and every single one of you are morons.	God I hope so. This place is the worst and every single one of you are ignorant	God I hope so. This place is not nice
wtf that old senile delusional fuck said he was sending us more money	wtf he said he was sending us more money	What did he say?
Whatever. Youâ€™re still full of shit and victimhood	Whatever. You're still unbelievable and full of victimhood	Whatever. You're still full of stuff and victimhood
I think itâ€™s a pretty safe bet that this douche hasnâ€™t used a public water fountain since segregation ended!	I don't think that this guy has used a public water fountain since 1964.	I think it's pretty safe bet that this guy hasn't used a public water fountain since segregation ended!
Can someone explain to me what the fuck this has to do with socialism?	Can someone explain to me what this has to do with socialism?	In what does this have to do with socialism?
What good does all that bullshit bring though?	What good does that bring?	In what good does all that stuff bring though?
Well, that's just like, your opinion man...  Also, leftists want to defund the police. Not liberals.	That's just your opinion.	Well, that's just like, your opinion man... Also, leftists want to defund the police. Not liberals.
i never said that that made them inferior, nor did i make fun of them. get your white ass out of here.	i never said that that made them inferior, nor did i make fun of them. get out of here.	i never said that that that made them inferior, nor did i make fun of them.
Crawl back to your echo chamber, pathetic little worm.	You should go back to your echo chamber	Crawl back to your echo chamber
Why don't you stick to your weird gross rape fantasies and leave economics to the adults?	Why don't you stick to your fantasies and leave economics to the adults?	Why don't you stick to your weird gross rape fantasies and leave economics to the adults?
I'm not OP's husband.  What the ever loving fuck is wrong with you people?	I'm not OP's husband. What is wrong with you people?	I'm not OP's husband. What is wrong with you people?
People publicly shame smokers for their bad choices. Why are fat people exempt from criticism?	People publicly shame smokers for their bad choices. Why are overweight people exempt from criticism?	People publicly shame smokers for their bad choices. Why are people exempt from criticism?
Weird, r/politics loves up voting shitting opinion pieces to the front page.	Weird, r/politics loves up voting bad opinion pieces to the front page	r/politics loves upvoting opinion pieces to the front page.
You are both wrong and dumb, just fyi	You are completely incorrect, just FYI	You are both wrong and not smart
Weird maybe it was an error like when all those dead people voted	Weird maybe it was an error.	Maybe it was an error like when all those dead people voted
I donâ€™t give them the respect of being called women. They deluded and demented cunts.	I donâ€™t give them the respect of being called women. They spread are hallucinatory.	I don't give them the respect of being called women.
CRT is racist.	CRT is acting racist.	In CRT is racist.
Yeah bro I'm dumb cuz I can think on my own and I don't believe every conspiracy theory I see	Yeah bro I'm not smart cuz I can think on my own and I don't believe every conspiracy theory I see	Yeah bro I'm not smart cuz I can think on my own and I don't believe every conspiracy theory I see
I fucking hate this guy. And everyone else that voted against this.	I hate this guy. And everyone else that voted against this.	I don't like this guy
You're a fucking moron lol	You are being unintelligent lol	You're not nice
I hope the bastard suffered	I hope the guy suffered	I hope the guy suffered
Fuck you too gay ass mod	Screw you.	You are too gay
Kill all pedos. Why are we entertaining this madness	Why are we entertaining this.	Kill all pedos. Why are we entertaining this
oh fuck off no they don't	no they didn't	Oh no they don't
Turns out people that are fucked up have something wrong with them.	Turns out people that are messed up have something wrong with them.	Turns out people that are not smart have something wrong with them.
Are you stupid?	Are you not getting it?	Are you not smart?
Why do you even contribute when you have nothing of value to share? Seriously choke on your ignorance and die a painful death.	It seems like you have nothing of value to share.	Why do you even contribute when you have nothing of value to share? Seriously you're not smart
Go f yourself Republican scum who put us here with your uneducated voting like you even care. I do want to defund the police.	Republicans put us in this situation. I would want to defund the police.	Go away
Whatâ€™s sad is how moronic some people are acting in this comment section. Yâ€™all should be better.	Whatâ€™s sad is how uinintelligent some people are acting in this comment section. Yâ€™all should be better.	What sad is how some people are acting in this comment section. Yall are acting so ridiculous
"Where do you live that is ""pro democratic"" because it sure as shit isn't the USA haha"	"Where do you live that is ""pro democratic"" because it sure isn't the USA haha"	Where do you live that is pro democratic because it sure as shit isn't the USA
The numbers don't mean shit on their own.   Thankfully my income is in dollars.	The numbers don't mean anything on their own.    Thankfully my income is in dollars	The numbers don't mean anything on their own. Hopefully my income is in dollars.
No Republican makes women wet.	I don't think a Republican can turn women on.	No Republican makes women wet
The party of accountability and hypocrisy. I wonder how many other investigators got thrown in jail for looking to close.	The party of accountability but also hypocrisy. I wonder if many other investigators got thrown in jail for looking to close.	The party of accountability and hypocrite. I wonder how many other investigators got thrown in jail for looking to close.
Agreed.  Would be great if he'd hurry the fuck up with that part.	Agreed. Would be great if he'd hurry up with that part.	Agreed. Would be great if he'd hurry the fuck up with that part.
I would not say nuts...it just looks very suspicious. Either way, the dude is a douchebag.	I would not say nuts...it just looks very suspicious. Either way, the dude is totally unacceptable.	I would not say nuts...it just looks very suspicious. Either way, the guy is not nice
"that shit was funny. when ""it"" said that ""it"" was a  30 year old dog walker, i almost dropped my w2"	"that was funny. when ""it"" said that ""it"" was a  30 year old dog walker, i almost dropped my w2"	that stuff was funny. when it said that it was a 30 year old dog walker, i almost dropped my w2
May Mother Russia spare you from your certain demise	May Mother Russia spare you from your fate	May Mother Russia spare you
Steal from Walmart.	Steal from large corporations.	You should take from Walmart
I don't hate transgenders. I hate jousting.	Your dating preferences can now be defined as prejudice. Wow.	I don't hate transgenders. I don't like jousting.
Boo hoo Iâ€™m gonna be a poor doctor someday said no one ever. Suck it up pussy	Stop complaining.	I'm gonna be a poor doctor someday said no one ever.
Youâ€™re seriously unhinged, nobody is upset. You honestly rant like a school shooterâ€¦ weâ€™re worried.	You are not understanding, nobody is upset. Your rants are concerning, we are worried.	You really were unhinged, nobody is upset. You honestly raved... were worried... were worried...
Yeah, Reagan was truly evil.	Yeah, Reagan was not a great person	Yeah, Reagan was really bad
Umm the first amendment whoopie you ugly cow.	Umm the first amendment whoopie.	Umm the first amendment whoopie you
I'm glad people still dare ask these questions. The Internet is full of dicks, it's easy to grow timid here.	I'm glad people still dare ask these questions. The Internet is full of rude people, it's easy to grow timid here.	I'm glad people still dare ask these questions. The Internet is full of dicks, it's easy to grow timid here.
Kid fuckers are really ass mad over this.	They are really mad over this.	Kid are really mad over this
>  in JoeRogan  >  in Firearms   For anyone who wonders where the stupid comes from.	It seems like a lot of this comes from this thread, JoeRogan in Firearms.	In JoeRogan in Firearms For anyone who wonders where the stupid comes from.
Yeah, why is nobody punishing Op for lying like this?	Yeah, why is nobody punishing Op for telling mistruths like this?	Yeah, why is nobody punishing Op for lying like this?
Your tastebuds are FUCKED. Return them or exchange them.	Your tastebuds are not working. Return them or exchange them.	Your tastebuds are not great. Return them or exchange them.
Do you have a substantial counter argument or are you just spewing logical fallacies?	Do you have a substantial counter argument or do you just giving logical fallacies?	Do you have a counter argument or are you just spewing fallacies?
I stopped listening to her when she first spoke but those tits keep me entertained.	I stopped listening to her when she first spoke but her looks keep me entertained.	I stopped listening to her when she first spoke but those women keep me entertained
Terrifying. Itâ€™s important to remember that every single Republican is literally an individual Hitler lite	Terrifying, it's important to remember that republicans can be rascist	Terrifying. It's important to remember that every single Republican is literally an individual Hitler
Just because you're a dumbass, does not mean others are. So you only speak for yourself.	You are being unreasonable, but they are not. Please only speak on behalf of yourself.	Just because you're not smart, does not mean others are. So you only speak for yourself.
Oh so he's a Nazi Klansman Freemason? Wow that's crazy	Oh so he's a totalitarian Klansman Freemason? Wow that's unbelievable	Oh so he's a Nazi?
You sound fuckin mental	You sound like you have issues	You're being very mental
omg man Iâ€™m reading those out loud and cracking up about them. â€œWe will be in power againâ€ is so fucking funny to me	omg man Iâ€™m reading those out loud and cracking up about them. â€œWe will be in power againâ€ is so funny to me	omg man Im reading those out loud and cracking up about them.
Or the fact that his father is POTUS. We are attacking Trumps kids, right? Fair game, right?	Or the fact that his father is POTUS. We are on the same page?	Or the fact that his father is POTUS. We are attacking Trumps kids, right?
Its amazing to have all leftist propaganda go over my head. Helps me not be brainwashed. And no I don't watch Fox News	Its amazing to have all leftist propaganda go over my head. Helps me not be persuaded. And no I don't watch Fox News	It's amazing how all of you go over my head. Helps me not be brainwashed.
90% of truckers are already vaccinated lol.    Bunch of bitch ass cry babys :â€™(	90% of truckers are already vaccinated lol.  They just like to whine :'(	90 of truckers are already vaccinated lol.
You're both retarded af	You're both unintelligent	You're both slow
If you're a self serving coward then yes	If you're a self seving person then yes	If you're not nice then yes
if it's past 4 months you're a monster	If it's past 4 months you lack human qualities	if it's past 4 months you're not nice
Only two types of people have ever supported conservatism, the evil, and the dangerously stupid.	Only two types of people have ever supported conservatism, the evil and unintelligent people	Only two types of people have ever supported conservatism, the evil, and the dangerously unintellectual.
He had a big cock at least	He was well-endowed	He had a big cock at least
Boyfriend is a jackass.  I love that you dumped him.  NTA for sure.	Boyfriend is unacceptable. I love that you left him. NTA for sure.	Boyfriend is not nice
Good. The lockdowns literally created the greatest economy we've ever fucking had by getting us remote work.	Good. The lockdowns literally created the greatest economy we've ever had by getting us remote work.	Good. The lockdowns literally created the greatest economy we've ever had by getting us remote work.
Wow, what a humble brag. Fuck off, dude. Nobody cares, you're still a dick.	Wow, what a humble brag. Stop, dude. We don't care, you're still rude.	Wow, what a woman. Leave, dude. Nobody cares, you're still not nice
This sub is amazing! Whenever I feel dumb I slide by here and see what actual stupidity looks like. Thanks for the morale boost!	This sub is amazing! Whenever I don't feel confident about my intelligence, I slide by here and see what lack of intelligence really looks like. Thanks for the morale boost!	This sub is amazing! When I feel not smart I slide by here and see what actual ignorance looks like. Thanks for the morale boost!
Because white people saying â€œI got scared â€œis used as justification to murder people constantly	Because white people saying â€œI got scared â€œis used as justification to harm people constantly	because white people saying â€œI got scared â€œis used as justification to murder peopleï¿½offensive text: is whiteInoffensive text is way.
Yes it was you are a total lying piece of shit.	Yes it was you are lying	Yes it was you.
Meanwhile, conservatives actually bomb abortion clinics. The hypocrisy is endless.	Meanwhile conservatives do not support abortion clinics. It's a bit hypocritical.	Meanwhile, conservatives actuallybomb abortion clinics. The hypocrite is endless.
You  AINT SEEN SHIT!	You HAVEN'T SEEN ANYTHING!	You AINT SEEN SHIT!
What the hell does your comment have to do with anything?	What does your comment have to do with anything?	What does your comment have to do with anything?
Nope you are stupid.	Nope you are not very smart	Nope you are not smart
Effing ghouls pushing this bill. (D)emonic.	Horrible people pushing this bill. Terrible.	They push this bill. They are not nice
Nazi blood runs deep	This blood runs deep	Nazi blood runs deep
are you fucking retarded? there are literally laws against antisemitism in most western countries. what government is telling their citizens to hate jews?	are you serious? there are literally laws against antisemitism in most western countries. what government is telling their citizens to hate jews?	are you not being smart? there are literally laws against antisemitism in most western countries. what government is telling them to hate jews?
Fuck me reddit has got to have the greatest concentration of brain dead idiots on the whole internet.	Reddit has got to have the greatest concentration of unintelligent people on the whole internet	I think you are the ones who are on the internet.
Yes and said cultures thought it was alright to fuck little kids back in those days as well especially Mesopotamia. Glad we are reversing as a species.	Those cultures thought pedophilia was okay forever ago, especially in Mesopotamia.  Glad that is not the case anymore.	Yes and said culture thought it was okay to mess little kids back in those days as well as Mesopotamia. Glad we are reversing as a species.
Her body her choiceâ€¦ Jesus thatâ€™s such bullshit. I feel sorry for your loss but just know you dodged a bullet. She sounds reckless	I feel sorry for your loss but you deserve better.	Her body her choice... I feel sorry for your loss but just know you didn't get a bullet. I feel sorry for your loss but just know you didn't get a bullet.
> Lol, ok Kid.  Notice you didn't refute it. Like I said. Pack of morons. Good luck with the midterms.	Okay, it seems like you still don't get it. Good luck with the midterm elections.	Lol, ok. Notice you didn't refute it. Like I said. You're not great. Good luck with the midterms.
How was this deemed an unpopular opinion? Literally everyone believes this. The mods here suck	How was this deemed an unpopular opinion? Literally everyone believes this. The mods here need to do better	How was this deemed an unpopular opinion? Barely anyone believes this. The mods here are not great
Goddamn you're stupid.	You are not being very wise.	Inoffensive text:
On one hand Reagan said some based shit but on the other hand he took away our machine guns and started the war on drugs	On one hand Reagan did some good stuff but on the other hand he also took away machine gnus and started the war on drugs.	On one hand Reagan said some based stuff but on the other hand he took away our machine guns and started the war on drugs
Stay there, bitch.	Stay there, woman.	Stay there
Really makes you think how that guy was their first choice. Just goes to show how much of a shit show that sub was.	Really makes you think how that guy was their first choice. Just goes to show how wild that sub was.	Really makes you think how that guy was their first choice.
So maybe shame those fucks who can't be bothered and stand up for your principles?	Maybe talk to those who can't be bothered and stand up for your principles?	So maybe shame those who can't be bothered and stand up for your principles?
How do you know Iâ€™m mocking themâ€¦Are you pushing your preconceived notions onto me and judging me when maybe I just enjoy it?	How do you know I'm mocking them? I don't like being judged when maybe I just enjoy it.	How do you know Im mocking them... Are you pushing your preconceived notions onto me and judging me when maybe I just enjoy it?
Holy shit the gaslighting. Do her a favor and move yourself out of her house and just go live in the hotel.	You're gaslighting her. Do her a favor and move yourself out of her house and just go live in the hotel.	The gaslighting. Do her a favor and move yourself out of her house and just go live in the hotel.
True. We can't pretend neo Nazis are equal to normal human beings. They should be publicly hanged before they infect society	True. We can't pretend neo racists are equal to normal human beings. They should be publicly punished before they contaminate society	True. We can't pretend they are equal to normal human beings. They should be publicly hanged before they infect society
So letâ€™s forget that buddy is traitor? Nah.	Let's not forget that guy is a traitor.	So we don't forget that buddy is not honorable? Nah.
Good grief. You sound like a rambling community college kid.	Good grief. You don't make any sense.	Good grief. You don't sound like a kid
Too bad she isnt a crack smoking pedophile money embezzler like hunter, then it would be easy to make her look bad.	She isn't a horrible person, if she were it would be easy to make her look bad	Too bad she isnt a money embezzler like Hunter, then it would be easy to make her look bad.
Who gives a fuck? Autistic people that can't even look at a camera should not be doing live TV interviews. Pretty simple.	Who cares? I think that disabled people that can't even look at a camera should not be doing live TV interviews. Pretty simple.	Who cares? Autistic people that can't even look at a camera shouldn't be doing live TV interviews.
Haha, it won't be, they'll all be waiters in hell.	Haha, it won't be, they'll all be waiters in afterlife.	Haha, it won't be, they'll all be waiters in hell.
You sound so fucking cringe dude haha. Are you a neck beard?	You sound so socially awkward.	You don't sound nice
That just seems like baseless pseudo-psychology to me.	That just seems like pseudo-psychology that's not backed by anything to me	That seems like baseless pseudopsychology to me.
So it's not cheating if you fuck somebody and it never comes up?	So it's not cheating if you sleep with somebody and it never comes up?	So it's not cheating if you mess around somebody and it never comes up?
You actually fell for that? Youâ€™re a retard.	You actually fell for that? You're slow	You actually fell for that?
What is this dumb shit	What is this	What is this?
I know if it makes me angry I should upvote and not downvote but fuck this is hard.  I'm just not voting at all.	I know if it makes me angry I should upvote and not downvote but man this is hard. I'm just not voting at all	I know if it makes me angry I should upvote and not downvote but this is hard. I'm just not voting at all.
thank you, for acknowledging your own stupidity!	thank you, for acknowledging the futility of your argument	you, for acknowledging your own ignorance!
Not a kid defending himself. A little punk bitch who deserves to be unalived.	Not a kid defending himself. Someone who deserves to pay.	Not a kid defending himself
Shut up, atheism is gay	Atheism is bad.	Please don't talk
You are obviously a homofobe	Your actions are homophobic.	You are obviously a homophonic
I guarantee this is funner than 95% of this sub and this is a literal shit post. Libs can't meme	I guarantee this is funner than 95% of this sub and this isnt' that great. I think libs can't meme	I guarantee this is funner than 95 of this sub and this is a literal post. Libs can't meme
You're on the wrong subreddit to be spewing that kind of shit. Shut the fuck up now.	You're on the wrong subreddit to be saying that kind of stuff. Stop.	You're on the wrong subreddit to be spewing that kind of stuff.
Itâ€™s not slapdash, itâ€™s just not appealing to my palate	It's just not appealing to my palate	It's not attractive
What a stupid take	What an interesting take.	What a bad take
So, you're an idiot. Not a question.	You're being silly.	So, you're not being smart
You cant clean yourself if your brain is all fucked up?	You cant clean yourself if your brain is messed up?	You cant clean yourself if your brain is all messed up?
The context is that train robberies happen all the time? Sounds like some conservative big brain stuff.	I'm not sure if it's accurate that train robberies happen all the time?	In the context, train robberies happen all the time?
Stfu.  Go make a new sub.	You can go make a new sub	Please don't talk
You're a moron, holy sh-t. Lol	You don't understand anything, wow. Lol	You're not nice
Re-education camps for them. Cut their evil out 100%	Re-education camps for them. They need to be purified	They are not great camps for them
What's the conspiracy? Lol. People not liking a group of likeminded assholes that you happen to like isn't a conspiracy	What's the secret agenda? Lol. People not liking a group of likeminded people that you happen to like isn't a hidden agenda	What is the conspiracy? Lol. People not liking a group of likeminded people that you happen to like aren't conspiracies
Cheaters are the worst.	Cheating makes you a terrible person	They are the worst
Do have any idea how dumb that sounds???	Do have any idea how misinformed that sounds???	Do have any idea how smart that is?
Grow the fuck up	You need to be mature	You should be more mature
A beat down, THEN a firing.  Yell at my kid like that? Ass whoopin incoming	A beat down, THEN a firing.  Yell at my kid like that? whoopin incoming	A beat down, then a fire.
You call them journalists?  You are laughably ignorant.	You call them journalists? You don't know anything.	You call them journalists?
You guys love oppression. Let me get some barbecue recipes. I know you Klansmen are always having cookouts.	You guys seem to love oppression. Let me get some barbecue recipes. I know you people are always having cookouts.	You guys love oppression. Let me get some barbecue recipes. I know you Klansmen are always having cookouts.
You mean that chick with a dick?	You mean that transgender woman?	You mean that guy with a bad personality?
Hope the stupid cunt who did this to you gets shot	Hope who did this to you pays	Hope someone kills you
Anti gay equals anti human. Fuck you Putin nazis	Anti gay equals anti human	Anti gay is equal to anti human
Was it a fucking wake?  What kind of party is it inappropriate to have a friendly conversation?	Was it a wake?  What kind of party is it inappropriate to have a friendly conversation?	Was it a wake? What kind of parties is it appropriate to have a friendly conversation?
How else could the average person be so full of shit?	How else could the average person be so ridicuilous?	How else could the average person be so full of stuff?
Youâ€™ve been completely subverted yet here you are talking about brainwashing. ðŸ¤¡	It's a little ironic that you've been subverted yet here you are talking about brainwashing	You've been completely subverted yet here you are talking about brainwashing.
I wish I could spit my unvaccinated saliva on you and your family.	I wish I could weaponize my unvaccinated saliva.	I wish I could make you all unvaccinated.
It's a joke you dumb bitch	It's a joke	It's funny
Didn't Trump tell that bitch off in an interview not too long ago?	Didn't Trump tell her off in an interview not too long ago?	didn't Trump tell that woman off in an interview not too long ago?
NTA, Jes-us your brother is dumb. How long did he think he could keep these kids hidden for?	NTA, your brother is not thinking straight. How long did he think he could keep these kids hidden for?	NTA, you're not smart
Formula oneâ€¦nascarâ€¦.shit it exactly the same except the former has lighter cars.   Who can turn left faster? The answer is!   Who gives a shit.	Formula oneâ€¦nascarâ€¦.it exactly the same except the former has lighter cars.   Who can turn left faster? The answer is!   No one really cares.	ilarious it exactly the same except the former has lighter cars. Who can turn left faster? The answer is! Who cares.
BRB, gonna go call the mods pathetic egotistical neck beards.	BRB, gonna go call the mods.	BB, gonna go call the mods
CUCKOLD Carlson is a problem	Carlson is the problem	Cunt Carlson is a problem
I think you need to check your head	I think you need to check yourself	I think you need to check your head
